[
{
  "model": "foreign.wordcategory",
  "pk": 1,
  "fields": {
    "name": "category_u3_c1",
    "user": 3,
    "created_at": "2024-03-04T22:29:12.828Z",
    "updated_at": "2024-03-04T22:29:12.843Z"
  }
},
{
  "model": "foreign.wordcategory",
  "pk": 2,
  "fields": {
    "name": "category_u3_c2",
    "user": 3,
    "created_at": "2024-03-04T22:29:12.828Z",
    "updated_at": "2024-03-04T22:29:12.843Z"
  }
},
{
  "model": "foreign.wordcategory",
  "pk": 3,
  "fields": {
    "name": "category_u3_c3",
    "user": 3,
    "created_at": "2024-03-04T22:29:12.828Z",
    "updated_at": "2024-03-04T22:29:12.843Z"
  }
},
{
  "model": "foreign.wordcategory",
  "pk": 4,
  "fields": {
    "name": "category_u3_c4",
    "user": 3,
    "created_at": "2024-03-04T22:29:12.828Z",
    "updated_at": "2024-03-04T22:29:12.843Z"
  }
},
{
  "model": "foreign.wordcategory",
  "pk": 5,
  "fields": {
    "name": "category_u3_c5",
    "user": 3,
    "created_at": "2024-03-04T22:29:12.828Z",
    "updated_at": "2024-03-04T22:29:12.843Z"
  }
},
{
  "model": "foreign.wordcategory",
  "pk": 6,
  "fields": {
    "name": "category_u4_c1",
    "user": 4,
    "created_at": "2024-03-04T22:29:12.828Z",
    "updated_at": "2024-03-04T22:29:12.843Z"
  }
},
{
  "model": "foreign.wordcategory",
  "pk": 7,
  "fields": {
    "name": "category_u4_c2",
    "user": 4,
    "created_at": "2024-03-04T22:29:12.828Z",
    "updated_at": "2024-03-04T22:29:12.843Z"
  }
},
{
  "model": "foreign.wordcategory",
  "pk": 8,
  "fields": {
    "name": "category_u4_c3",
    "user": 4,
    "created_at": "2024-03-04T22:29:12.828Z",
    "updated_at": "2024-03-04T22:29:12.843Z"
  }
},
{
  "model": "foreign.wordcategory",
  "pk": 9,
  "fields": {
    "name": "category_u4_c4",
    "user": 4,
    "created_at": "2024-03-04T22:29:12.828Z",
    "updated_at": "2024-03-04T22:29:12.843Z"
  }
},
{
  "model": "foreign.wordcategory",
  "pk": 10,
  "fields": {
    "name": "category_u4_c5",
    "user": 4,
    "created_at": "2024-03-04T22:29:12.828Z",
    "updated_at": "2024-03-04T22:29:12.843Z"
  }
},
{
  "model": "foreign.wordsource",
  "pk": 1,
  "fields": {
    "name": "source_u3_s1",
    "user": 3,
    "url": null,
    "description": "",
    "created_at": "2024-03-04T22:29:12.828Z",
    "updated_at": "2024-03-04T22:29:12.843Z"
  }
},
{
  "model": "foreign.wordsource",
  "pk": 2,
  "fields": {
    "name": "source_u3_s2",
    "user": 3,
    "url": null,
    "description": "",
    "created_at": "2024-03-04T22:29:12.828Z",
    "updated_at": "2024-03-04T22:29:12.843Z"
  }
},
{
  "model": "foreign.wordsource",
  "pk": 3,
  "fields": {
    "name": "source_u3_s3",
    "user": 3,
    "url": null,
    "description": "",
    "created_at": "2024-03-04T22:29:12.828Z",
    "updated_at": "2024-03-04T22:29:12.843Z"
  }
},
{
  "model": "foreign.wordsource",
  "pk": 4,
  "fields": {
    "name": "source_u3_s4",
    "user": 3,
    "url": null,
    "description": "",
    "created_at": "2024-03-04T22:29:12.828Z",
    "updated_at": "2024-03-04T22:29:12.843Z"
  }
},
{
  "model": "foreign.wordsource",
  "pk": 5,
  "fields": {
    "name": "source_u3_s5",
    "user": 3,
    "url": null,
    "description": "Не должен иметь связей.",
    "created_at": "2024-03-04T22:29:12.828Z",
    "updated_at": "2024-03-04T22:29:12.843Z"
  }
},
{
  "model": "foreign.wordsource",
  "pk": 6,
  "fields": {
    "name": "source_u4_s1",
    "user": 4,
    "url": null,
    "description": "",
    "created_at": "2024-03-04T22:29:12.828Z",
    "updated_at": "2024-03-04T22:29:12.843Z"
  }
},
{
  "model": "foreign.wordsource",
  "pk": 7,
  "fields": {
    "name": "source_u4_s2",
    "user": 4,
    "url": null,
    "description": "",
    "created_at": "2024-03-04T22:29:12.828Z",
    "updated_at": "2024-03-04T22:29:12.843Z"
  }
},
{
  "model": "foreign.wordsource",
  "pk": 8,
  "fields": {
    "name": "source_u4_s3",
    "user": 4,
    "url": null,
    "description": "",
    "created_at": "2024-03-04T22:29:12.828Z",
    "updated_at": "2024-03-04T22:29:12.843Z"
  }
},
{
  "model": "foreign.wordsource",
  "pk": 9,
  "fields": {
    "name": "source_u4_s4",
    "user": 4,
    "url": null,
    "description": "",
    "created_at": "2024-03-04T22:29:12.828Z",
    "updated_at": "2024-03-04T22:29:12.843Z"
  }
},
{
  "model": "foreign.wordsource",
  "pk": 10,
  "fields": {
    "name": "source_u4_s5",
    "user": 4,
    "url": null,
    "description": "Не должен иметь связей.",
    "created_at": "2024-03-04T22:29:12.828Z",
    "updated_at": "2024-03-04T22:29:12.843Z"
  }
},
{
  "model": "foreign.word",
  "pk": 1,
  "fields": {
    "user": 3,
    "foreign_word": "word_u3_w1",
    "native_word": "слово_п3_с1",
    "source": null,
    "category": null,
    "word_count": "NC",
    "created_at": "2024-03-04T22:28:47.347Z",
    "updated_at": "2024-03-04T22:28:47.356Z"
  }
},
{
  "model": "foreign.word",
  "pk": 2,
  "fields": {
    "user": 3,
    "foreign_word": "word_u3_w2",
    "native_word": "слово_п3_с2",
    "source": null,
    "category": 1,
    "word_count": "OW",
    "created_at": "2024-03-04T22:29:12.828Z",
    "updated_at": "2024-03-04T22:29:12.843Z"
  }
},
{
  "model": "foreign.word",
  "pk": 3,
  "fields": {
    "user": 3,
    "foreign_word": "word_u3_w3",
    "native_word": "слово_п3_с3",
    "source": 1,
    "category": 2,
    "word_count": "CB",
    "created_at": "2024-03-04T22:30:02.077Z",
    "updated_at": "2024-03-04T22:30:02.094Z"
  }
},
{
  "model": "foreign.word",
  "pk": 4,
  "fields": {
    "user": 3,
    "foreign_word": "word_u3_w4",
    "native_word": "слово_п3_с4",
    "source": 3,
    "category": 4,
    "word_count": "PS",
    "created_at": "2024-03-04T22:30:25.602Z",
    "updated_at": "2024-03-04T22:30:25.614Z"
  }
},
{
  "model": "foreign.word",
  "pk": 5,
  "fields": {
    "user": 3,
    "foreign_word": "word_u3_w5",
    "native_word": "слово_п3_с5",
    "source": null,
    "category": null,
    "word_count": "ST",
    "created_at": "2024-03-04T22:30:41.963Z",
    "updated_at": "2024-03-04T22:30:41.972Z"
  }
},
{
  "model": "foreign.word",
  "pk": 6,
  "fields": {
    "user": 3,
    "foreign_word": "word_u3_w6",
    "native_word": "слово_п3_с6",
    "source": null,
    "category": null,
    "word_count": "NC",
    "created_at": "2024-03-04T22:31:10.600Z",
    "updated_at": "2024-03-04T22:31:10.607Z"
  }
},
{
  "model": "foreign.word",
  "pk": 7,
  "fields": {
    "user": 3,
    "foreign_word": "word_u3_w7",
    "native_word": "слово_п3_с7",
    "source": 4,
    "category": 1,
    "word_count": "NC",
    "created_at": "2024-03-04T22:31:23.793Z",
    "updated_at": "2024-03-11T13:02:03.380Z"
  }
},
{
  "model": "foreign.word",
  "pk": 8,
  "fields": {
    "user": 3,
    "foreign_word": "word_u3_w8",
    "native_word": "слово_п3_с8",
    "source": null,
    "category": null,
    "word_count": "NC",
    "created_at": "2024-03-04T22:31:35.199Z",
    "updated_at": "2024-03-04T22:31:35.210Z"
  }
},
{
  "model": "foreign.word",
  "pk": 9,
  "fields": {
    "user": 3,
    "foreign_word": "word_u3_w9",
    "native_word": "слово_п3_с9",
    "source": null,
    "category": null,
    "word_count": "NC",
    "created_at": "2024-03-04T22:31:48.403Z",
    "updated_at": "2024-03-04T22:31:48.415Z"
  }
},
{
  "model": "foreign.word",
  "pk": 10,
  "fields": {
    "user": 3,
    "foreign_word": "word_u3_w10",
    "native_word": "слово_п3_с10",
    "source": null,
    "category": null,
    "word_count": "NC",
    "created_at": "2024-03-04T22:32:19.879Z",
    "updated_at": "2024-03-04T22:32:19.886Z"
  }
},
{
  "model": "foreign.word",
  "pk": 11,
  "fields": {
    "user": 4,
    "foreign_word": "word_u4_w1",
    "native_word": "слово_п4_с1",
    "source": null,
    "category": null,
    "word_count": "NC",
    "created_at": "2024-03-04T22:35:13.716Z",
    "updated_at": "2024-03-04T22:35:13.727Z"
  }
},
{
  "model": "foreign.word",
  "pk": 12,
  "fields": {
    "user": 4,
    "foreign_word": "word_u4_w2",
    "native_word": "слово_п4_с2",
    "source": null,
    "category": null,
    "word_count": "NC",
    "created_at": "2024-03-04T22:35:26.762Z",
    "updated_at": "2024-03-04T22:35:26.768Z"
  }
},
{
  "model": "foreign.word",
  "pk": 13,
  "fields": {
    "user": 4,
    "foreign_word": "word_u4_w3",
    "native_word": "слово_п4_с3",
    "source": null,
    "category": null,
    "word_count": "NC",
    "created_at": "2024-03-04T22:35:52.011Z",
    "updated_at": "2024-03-04T22:35:52.019Z"
  }
},
{
  "model": "foreign.word",
  "pk": 14,
  "fields": {
    "user": 4,
    "foreign_word": "word_u4_w4",
    "native_word": "слово_п4_с4",
    "source": null,
    "category": null,
    "word_count": "NC",
    "created_at": "2024-03-04T22:36:04.140Z",
    "updated_at": "2024-03-04T22:36:04.147Z"
  }
},
{
  "model": "foreign.word",
  "pk": 15,
  "fields": {
    "user": 4,
    "foreign_word": "word_u4_w5",
    "native_word": "слово_п4_с5",
    "source": null,
    "category": null,
    "word_count": "NC",
    "created_at": "2024-03-04T22:36:24.290Z",
    "updated_at": "2024-03-04T22:36:24.300Z"
  }
},
{
  "model": "foreign.word",
  "pk": 16,
  "fields": {
    "user": 4,
    "foreign_word": "word_u4_w6",
    "native_word": "слово_п4_с6",
    "source": null,
    "category": null,
    "word_count": "NC",
    "created_at": "2024-03-04T22:36:36.998Z",
    "updated_at": "2024-03-04T22:36:37.013Z"
  }
},
{
  "model": "foreign.word",
  "pk": 17,
  "fields": {
    "user": 4,
    "foreign_word": "word_u4_w7",
    "native_word": "слово_п4_с7",
    "source": null,
    "category": null,
    "word_count": "NC",
    "created_at": "2024-03-04T22:36:47.021Z",
    "updated_at": "2024-03-04T22:36:47.033Z"
  }
},
{
  "model": "foreign.word",
  "pk": 18,
  "fields": {
    "user": 4,
    "foreign_word": "word_u4_w8",
    "native_word": "слово_п4_с8",
    "source": null,
    "category": null,
    "word_count": "NC",
    "created_at": "2024-03-04T22:36:58.535Z",
    "updated_at": "2024-03-04T22:36:58.545Z"
  }
},
{
  "model": "foreign.word",
  "pk": 19,
  "fields": {
    "user": 4,
    "foreign_word": "word_u4_w9",
    "native_word": "слово_п4_с9",
    "source": null,
    "category": null,
    "word_count": "NC",
    "created_at": "2024-03-04T22:37:13.701Z",
    "updated_at": "2024-03-04T22:37:13.708Z"
  }
},
{
  "model": "foreign.word",
  "pk": 20,
  "fields": {
    "user": 4,
    "foreign_word": "word_u4_w10",
    "native_word": "слово_п4_с10",
    "source": null,
    "category": null,
    "word_count": "NC",
    "created_at": "2024-03-04T22:37:25.009Z",
    "updated_at": "2024-03-04T22:37:25.016Z"
  }
},
{
  "model": "foreign.wordprogress",
  "pk": 1,
  "fields": {
    "word": 2,
    "user": 3,
    "progress": "0"
  }
},
{
  "model": "foreign.wordprogress",
  "pk": 2,
  "fields": {
    "word": 3,
    "user": 3,
    "progress": "1"
  }
},
{
  "model": "foreign.wordprogress",
  "pk": 3,
  "fields": {
    "word": 4,
    "user": 3,
    "progress": "6"
  }
},
{
  "model": "foreign.wordprogress",
  "pk": 4,
  "fields": {
    "word": 5,
    "user": 3,
    "progress": "7"
  }
},
{
  "model": "foreign.wordprogress",
  "pk": 5,
  "fields": {
    "word": 6,
    "user": 3,
    "progress": "8"
  }
},
{
  "model": "foreign.wordprogress",
  "pk": 6,
  "fields": {
    "word": 7,
    "user": 3,
    "progress": "9"
  }
},
{
  "model": "foreign.wordprogress",
  "pk": 7,
  "fields": {
    "word": 8,
    "user": 3,
    "progress": "10"
  }
},
{
  "model": "foreign.wordprogress",
  "pk": 8,
  "fields": {
    "word": 9,
    "user": 3,
    "progress": "11"
  }
},
{
  "model": "foreign.wordprogress",
  "pk": 9,
  "fields": {
    "word": 12,
    "user": 4,
    "progress": "0"
  }
},
{
  "model": "foreign.wordprogress",
  "pk": 10,
  "fields": {
    "word": 13,
    "user": 4,
    "progress": "1"
  }
},
{
  "model": "foreign.wordprogress",
  "pk": 11,
  "fields": {
    "word": 14,
    "user": 4,
    "progress": "6"
  }
},
{
  "model": "foreign.wordprogress",
  "pk": 12,
  "fields": {
    "word": 15,
    "user": 4,
    "progress": "7"
  }
},
{
  "model": "foreign.wordprogress",
  "pk": 13,
  "fields": {
    "word": 16,
    "user": 4,
    "progress": "8"
  }
},
{
  "model": "foreign.wordprogress",
  "pk": 14,
  "fields": {
    "word": 17,
    "user": 4,
    "progress": "9"
  }
},
{
  "model": "foreign.wordprogress",
  "pk": 15,
  "fields": {
    "word": 18,
    "user": 4,
    "progress": "10"
  }
},
{
  "model": "foreign.wordprogress",
  "pk": 16,
  "fields": {
    "word": 19,
    "user": 4,
    "progress": "11"
  }
},
{
  "model": "foreign.wordprogress",
  "pk": 20,
  "fields": {
    "word": 10,
    "user": 3,
    "progress": "0"
  }
},
{
  "model": "foreign.wordprogress",
  "pk": 21,
  "fields": {
    "word": 1,
    "user": 3,
    "progress": "0"
  }
},
{
  "model": "foreign.wordfavorites",
  "pk": 1,
  "fields": {
    "word": 3,
    "user": 3
  }
},
{
  "model": "foreign.wordfavorites",
  "pk": 2,
  "fields": {
    "word": 13,
    "user": 4
  }
},
{
  "model": "foreign.wordfavorites",
  "pk": 3,
  "fields": {
    "word": 18,
    "user": 4
  }
},
{
  "model": "foreign.wordfavorites",
  "pk": 4,
  "fields": {
    "word": 7,
    "user": 3
  }
},
{
  "model": "foreign.wordfavorites",
  "pk": 5,
  "fields": {
    "word": 17,
    "user": 4
  }
},
{
  "model": "foreign.wordfavorites",
  "pk": 6,
  "fields": {
    "word": 11,
    "user": 4
  }
}
]
